,Brand,Model,kg CO2e,kg CO2e w/o use,years_use,Source,Pdf_name
0,Autre,Autre ,148.47,134.7,3.0,,
1,Apple,"Macbook Pro 13"" M1 (2020) 512GB SSD",207.0,167.67,4.0,[Apple](https://www.apple.com/environment/pdf/products/notebooks/13-inch_MacBookPro_PER_Nov2020.pdf),
2,Apple,"Macbook Pro 16"" M1 Pro (2021) 1TB SSD",382.0,278.86,4.0,[Apple](https://www.apple.com/environment/pdf/products/notebooks/16-inch_MacBook_Pro_PER_Oct2021.pdf),
3,Apple,"Macbook Pro 16"" M1 Pro (2021) 512GB SSD",349.0,254.77,4.0,[Apple](https://www.apple.com/environment/pdf/products/notebooks/16-inch_MacBook_Pro_PER_Oct2021.pdf),
4,Apple,"Macbook Pro 14"" Intel (2021) 512GB SSD",300.0,234.0,4.0,[Apple](https://www.apple.com/environment/pdf/products/notebooks/14-inch_MacBook_Pro_PER_Oct2021.pdf),
5,Apple,"Macbook Pro 14"" Intel (2021) 256GB SSD",252.0,196.56,4.0,[Apple](https://www.apple.com/environment/pdf/products/notebooks/14-inch_MacBook_Pro_PER_Oct2021.pdf),
6,Apple,"Macbook Pro 14"" M1 Pro (2021) 512GB SSD",307.0,239.46,4.0,[Apple](https://www.apple.com/environment/pdf/products/notebooks/14-inch_MacBook_Pro_PER_Oct2021.pdf),
7,Apple,"Macbook Pro 14"" M1 Pro (2021) 256GB SSD",271.0,211.38,4.0,[Apple](https://www.apple.com/environment/pdf/products/notebooks/14-inch_MacBook_Pro_PER_Oct2021.pdf),
8,Apple,"Macbook Air 13.6"" M2 (2022) 512GB SSD",171.0,133.38,4.0,[Apple](https://www.apple.com/environment/pdf/products/notebooks/M2_MacBook_Air_PER_June2022.pdf),
9,Apple,"Macbook Pro 13"" M1 (2020) 256GB SSD",185.0,149.85,4.0,[Apple](https://www.apple.com/environment/pdf/products/notebooks/13-inch_MacBookPro_PER_Nov2020.pdf),
10,Apple,"Macbook Pro 16"" (2019)",394.0,331.09,4.0,[Apple](https://www.apple.com/environment/pdf/products/notebooks/16-inch_MacBookPro_PER_Nov2019.pdf),
11,Apple,"Macbook Pro 16"" M1 Max (2021) 1TB SSD",395.0,288.35,4.0,[Apple](https://www.apple.com/environment/pdf/products/notebooks/16-inch_MacBook_Pro_PER_Oct2021.pdf),
12,Apple,"Macbook Pro 13"" (2019)",210.0,198.11,4.0,[Apple](https://www.apple.com/environment/pdf/products/notebooks/13-inch_MacBookPro_PER_June2019.pdf),
13,Apple,"Macbook Pro 13"" (Skylake and newer)",222.0,184.26,4.0,[Apple](https://www.apple.com/environment/pdf/products/notebooks/13-inch_MacBookPro_PER_may2019.pdf),
14,Apple,"Macbook Air 13"" Intel (2020) 512GB SSD",198.0,168.3,4.0,[Apple](https://www.apple.com/environment/pdf/products/notebooks/13-inch_MacBookAir_PER_Nov2020.pdf),
15,Apple,"Macbook Air 13"" Intel (2020) 256GB SSD",170.0,144.5,4.0,[Apple](https://www.apple.com/environment/pdf/products/notebooks/13-inch_MacBookAir_PER_Nov2020.pdf),
16,Apple,"Macbook Air 13"" M1 (2020) 512GB SSD",181.0,153.85,4.0,[Apple](https://www.apple.com/environment/pdf/products/notebooks/13-inch_MacBookAir_PER_Nov2020.pdf),
17,Apple,"Macbook Air 13"" M1 (2020) 256GB SSD",161.0,136.85,4.0,[Apple](https://www.apple.com/environment/pdf/products/notebooks/13-inch_MacBookAir_PER_Nov2020.pdf),
18,Apple,"Macbook Air 13"" (Retina, 2019)",176.0,166.04,4.0,[Apple](https://www.apple.com/environment/pdf/products/notebooks/13-inch_MacBookAir_w_Retina_PER_June2019.pdf),
19,Apple,"Macbook Air 13"" (Retina, Thunderbolt)",176.0,165.44,4.0,[Apple](https://www.apple.com/environment/pdf/products/notebooks/13-inch_MacBookAir_w_Retina_PER_oct2018.pdf),
20,Apple,"Macbook Air 13"" (Non-Retina)",339.0,294.93,4.0,[Apple](https://www.apple.com/environment/pdf/products/notebooks/13-inch_MacBookAir_PER_June2017.pdf),
21,Apple,"Macbook 12""",233.0,205.04,4.0,[Apple](https://www.apple.com/environment/pdf/products/notebooks/12-inch_MacBook_PER_oct2018.pdf),
22,Apple,"Macbook Pro 15"" (Skylake and newer)",334.0,263.86,4.0,[Apple](https://www.apple.com/environment/pdf/products/notebooks/15-inch_MacBookPro_PER_may2019.pdf),
23,Apple,"Macbook Air 13.6"" M2 (2022) 256GB SSD",147.0,114.66,4.0,[Apple](https://www.apple.com/environment/pdf/products/notebooks/M2_MacBook_Air_PER_June2022.pdf),
24,Chromebook,Lenovo 14e Chromebook,368.0,272.32,5.0,[Lenovo PCF](https://static.lenovo.com/ww/docs/regulatory/PCF_Lenovo_14e_Chromebook.pdf),
25,Chromebook,Lenovo 500e Chromebook (2nd Gen),303.0,236.34,5.0,[Lenovo PCF](https://static.lenovo.com/ww/docs/regulatory/PCF_Chromebook_500e_2nd_Gen.pdf),
26,Chromebook,Lenovo 300e Chromebook (2nd Gen),305.0,237.9,5.0,[Lenovo PCF](https://static.lenovo.com/ww/docs/regulatory/PCF_Chromebook_300e_2nd_Gen.pdf),
27,Chromebook,Lenovo 100e Chromebook (2nd Gen),303.0,236.34,5.0,[Lenovo PCF](https://static.lenovo.com/ww/docs/regulatory/PCF_Chromebook_100e_2nd_Gen.pdf),
28,Chromebook,Lenovo YOGA Chromebook C630,293.0,187.52,5.0,[Lenovo PCF](https://static.lenovo.com/ww/docs/regulatory/eco-declaration/PCF_YOGA_Chromebook_C630.pdf),
29,Chromebook,HP Chromebook x360 14 G1,305.0,272.5,4.0,[HP Report](http://h22235.www2.hp.com/hpinfo/globalcitizenship/environment/productdata/Countries/_MultiCountry/productcarbonfootprint_notebo_201924225842986.pdf),
30,Chromebook,Google Pixelbook GO,195.0,169.65,4.0,https://www.gstatic.com/gumdrop/sustainability/pixelbookgo-productenvironmentreport.pdf,
31,Chromebook,HP Chromebook Enterprise x360 14E G1,505.0,475.0,4.0,[HP Report](http://h22235.www2.hp.com/hpinfo/globalcitizenship/environment/productdata/Countries/_MultiCountry/productcarbonfootprint_notebo_20191021223117676.pdf),
32,Chromebook,Acer Chromebook C740,123.7,81.679,,[Press Release](https://www.acer-group.com/sustainability/en/energy-climate-change.html),
33,Chromebook,Google Pixelbook,200.6,126.5,4.0,[Google PER](https://storage.googleapis.com/gweb-sustainability.appspot.com/pdf/MAR2018_PRODUCT-REPORTS/Pixelbook_ProductEnvironmentalReport.pdf),
34,Chromebook,HP Chromebook x360 11 G2 Education Edition,745.0,715.0,4.0,[HP Report](http://h22235.www2.hp.com/hpinfo/globalcitizenship/environment/productdata/Countries/_MultiCountry/productcarbonfootprint_notebo_2019412224038116.pdf),
35,Chromebook,HP Chromebook Enterprise 14A G5,295.0,260.0,4.0,[HP Report](http://h22235.www2.hp.com/hpinfo/globalcitizenship/environment/productdata/Countries/_MultiCountry/productcarbonfootprint_notebo_20191010233353436.pdf),
36,Chromebook,HP Chromebook 11 G7 Education Edition,275.0,257.0,4.0,[HP Report](http://h22235.www2.hp.com/hpinfo/globalcitizenship/environment/productdata/Countries/_MultiCountry/productcarbonfootprint_notebo_2019416223433906.pdf),
37,Dell,Precision 3551,376.0,315.84,4.0,http://www.delltechnologies.com/asset/en-us/products/workstations/technical-support/precision-3551-pcf-datasheet.pdf,pdf167.pdf
38,Dell,Inspiron 14 7425 2-in-1,355.0,323.05,4.0,http://www.delltechnologies.com/asset/en-us/products/laptops-and-2-in-1s/technical-support/dell-inspiron-14-7425-2-in-1-pcf-datasheet.pdf,pdf201.pdf
39,Dell,Inspiron 16 5620,386.0,351.26,4.0,http://www.delltechnologies.com/asset/en-us/products/laptops-and-2-in-1s/technical-support/dell-inspiron-16-5620-pcf-datasheet.pdf,pdf202.pdf
40,Dell,Inspiron 16 5625,381.0,345.567,4.0,http://www.delltechnologies.com/asset/en-us/products/laptops-and-2-in-1s/technical-support/dell-inspiron-16-5625-pcf-datasheet.pdf,pdf203.pdf
41,Dell,Inspiron 16 7620 2-in-1,403.0,356.655,4.0,http://www.delltechnologies.com/asset/en-us/products/laptops-and-2-in-1s/technical-support/dell-inspiron-16-7620-2-in-1-pcf-datasheet.pdf,pdf204.pdf
42,Dell,Inspiron 14 Plus 7420,376.0,342.912,4.0,http://www.delltechnologies.com/asset/en-us/products/laptops-and-2-in-1s/technical-support/dell-inspiron-14-plus-7420-pcf-datasheet.pdf,pdf205.pdf
43,Dell,Inspiron 16 Plus 7620,420.0,376.74,4.0,http://www.delltechnologies.com/asset/en-us/products/laptops-and-2-in-1s/technical-support/dell-inspiron-16-plus-7620-pcf-datasheet.pdf,pdf206.pdf
44,Dell,Vostro 15 3510,273.0,245.7,4.0,http://www.delltechnologies.com/asset/en-us/products/laptops-and-2-in-1s/technical-support/dell-vostro-15-3510-pcf-datasheet.pdf,pdf207.pdf
45,Dell,Vostro 15 3515,282.0,244.776,4.0,http://www.delltechnologies.com/asset/en-us/products/laptops-and-2-in-1s/technical-support/dell-vostro-15-3515-pcf-datasheet.pdf,pdf208.pdf
46,Dell,Vostro 5320,326.0,294.052,4.0,http://www.delltechnologies.com/asset/en-us/products/laptops-and-2-in-1s/technical-support/dell-vostro-5320-pcf-datasheet.pdf,pdf209.pdf
47,Dell,Latitude 7420,341.0,304.854,4.0,http://www.delltechnologies.com/asset/en-us/products/laptops-and-2-in-1s/technical-support/latitude-7420.pdf,pdf21.pdf
48,Dell,Vostro 5620,386.0,351.26,4.0,http://www.delltechnologies.com/asset/en-us/products/laptops-and-2-in-1s/technical-support/dell-vostro-5620-pcf-datasheet.pdf,pdf210.pdf
49,Dell,Vostro 5625,380.0,342.38,4.0,http://www.delltechnologies.com/asset/en-us/products/laptops-and-2-in-1s/technical-support/dell-vostro-5625-pcf-datasheet.pdf,pdf211.pdf
50,Dell,Vostro 7620,412.0,369.152,4.0,http://www.delltechnologies.com/asset/en-us/products/laptops-and-2-in-1s/technical-support/dell-vostro-7620-pcf-datasheet.pdf,pdf212.pdf
51,Dell,Inspiron 14 7420 2-in-1,366.0,319.152,4.0,http://www.delltechnologies.com/asset/en-us/products/laptops-and-2-in-1s/technical-support/dell-inspiron-14-7420-2-in-1-pcf-datasheet.pdf,pdf200.pdf
52,Dell,Latitude 7410 2-in-1 Chromebook Enterprise,463.0,439.85,4.0,http://www.delltechnologies.com/asset/en-us/products/laptops-and-2-in-1s/technical-support/latitude-7410-2-in-1-chromebook-enterprise-word-pcf-datasheet.pdf,pdf22.pdf
53,Dell,Latitude 7410 Chromebook Enterprise,454.0,425.398,4.0,http://www.delltechnologies.com/asset/en-us/products/laptops-and-2-in-1s/technical-support/latitude-7410-chromebook-enterprise-word-pcf-datasheet.pdf,pdf24.pdf
54,Dell,Latitude 7410,329.0,293.468,4.0,http://www.delltechnologies.com/asset/en-us/products/laptops-and-2-in-1s/technical-support/latitude-7410.pdf,pdf25.pdf
55,Dell,Latitude 7400 2-in-1,351.0,325.728,4.0,http://www.delltechnologies.com/asset/en-us/products/laptops-and-2-in-1s/technical-support/latitude-7400-2-in-1.pdf,pdf26.pdf
56,Dell,Latitude 7400,320.0,281.92,4.0,http://www.delltechnologies.com/asset/en-us/products/laptops-and-2-in-1s/technical-support/latitude-7400.pdf,pdf27.pdf
57,Dell,Latitude 7390 2-in-1,332.0,290.832,4.0,https://i.dell.com/sites/csdocuments/CorpComm_Docs/en/carbon-footprint-latitude-7390-2.pdf,pdf28.pdf
58,Dell,Chromebook 5190,220.0,216.48,4.0,http://www.delltechnologies.com/asset/en-us/products/laptops-and-2-in-1s/technical-support/chromebook-5190-pcf-datasheet.pdf,pdf3.pdf
59,Dell,Latitude 7389 2-in-1,289.0,241.026,4.0,https://i.dell.com/sites/csdocuments/CorpComm_Docs/en/carbon-footprint-latitude-7389.pdf,pdf30.pdf
60,Dell,Latitude 7380,259.0,212.639,4.0,https://i.dell.com/sites/csdocuments/CorpComm_Docs/en/carbon-footprint-latitude-7380.pdf,pdf31.pdf
61,Dell,Latitude 7370,288.0,244.512,4.0,https://i.dell.com/sites/csdocuments/CorpComm_Docs/en/carbon-footprint-latitude-7370.pdf?newtab=true,pdf32.pdf
62,Dell,Latitude 7350,297.0,281.259,4.0,https://i.dell.com/sites/csdocuments/CorpComm_Docs/en/carbon-footprint-latitude-7350.pdf?newtab=true,pdf33.pdf
63,Dell,Latitude 7320 2-IN-1,333.0,296.037,4.0,http://www.delltechnologies.com/asset/en-us/products/laptops-and-2-in-1s/technical-support/latitude-7320-2-in-1.pdf,pdf34.pdf
64,Dell,Latitude 7320 Detachable,82.0,68.88,4.0,http://www.delltechnologies.com/asset/en-us/products/laptops-and-2-in-1s/technical-support/latitude-7320-detachable-pcf-datasheet.pdf,pdf35.pdf
65,Dell,Latitude 7320,336.0,293.664,4.0,http://www.delltechnologies.com/asset/en-us/products/laptops-and-2-in-1s/technical-support/latitude-7320.pdf,pdf36.pdf
66,Dell,Latitude 7410 2-in-1,338.0,304.876,4.0,http://www.delltechnologies.com/asset/en-us/products/laptops-and-2-in-1s/technical-support/latitude-7410-2-in-1.pdf,pdf23.pdf
67,Dell,Precision 3560,313.0,266.676,4.0,http://www.delltechnologies.com/asset/en-us/products/workstations/technical-support/precision-3560-pcf-datasheet.pdf,pdf166.pdf
68,Dell,Latitude 7420 2-in-1,353.0,315.935,4.0,http://www.delltechnologies.com/asset/en-us/products/laptops-and-2-in-1s/technical-support/latitude-7420-2-in-1.pdf,pdf20.pdf
69,Dell,Inspiron 14 5425,345.0,309.12,4.0,http://www.delltechnologies.com/asset/en-us/products/laptops-and-2-in-1s/technical-support/dell-inspiron-14-5425-pcf-datasheet.pdf,pdf199.pdf
70,Dell,Precision 3470,295.0,262.255,4.0,http://www.delltechnologies.com/asset/en-us/products/workstations/technical-support/dell-precision-3470-pcf-datasheet.pdf,pdf168.pdf
71,Dell,Precision 3550,395.0,339.7,4.0,http://www.delltechnologies.com/asset/en-us/products/workstations/technical-support/precision-3550.pdf,pdf169.pdf
72,Dell,Precision 3541,394.0,345.932,4.0,http://www.delltechnologies.com/asset/en-us/products/workstations/technical-support/precision-3541.pdf,pdf170.pdf
73,Dell,Precision 3540,389.0,338.43,4.0,http://www.delltechnologies.com/asset/en-us/products/workstations/technical-support/precision-3540.pdf,pdf171.pdf
74,Dell,Precision 3530,335.0,276.71,4.0,https://i.dell.com/sites/csdocuments/CorpComm_Docs/en/carbon-footprint-precision-3530.pdf,pdf172.pdf
75,Dell,Precision 3520,304.0,254.752,4.0,https://i.dell.com/sites/csdocuments/CorpComm_Docs/en/carbon-footprint-precision-3520.pdf,pdf173.pdf
76,Dell,Precision 3510,331.0,254.87,4.0,https://i.dell.com/sites/csdocuments/CorpComm_Docs/en/carbon-footprint-precision-3510.pdf,pdf174.pdf
77,Dell,Precision 5770,524.0,462.168,4.0,http://www.delltechnologies.com/asset/en-us/products/workstations/technical-support/dell-precision-5770-pcf-datasheet.pdf,pdf175.pdf
78,Dell,Precision 7670,472.0,404.976,4.0,http://www.delltechnologies.com/asset/en-us/products/workstations/technical-support/dell-precision-7670-pcf-datasheet.pdf,pdf176.pdf
79,Dell,Precision 7770,489.0,424.452,4.0,http://www.delltechnologies.com/asset/en-us/products/workstations/technical-support/dell-precision-7770-pcf-datasheet.pdf,pdf177.pdf
80,Dell,XPS 17 9710,509.0,463.19,4.0,http://www.delltechnologies.com/asset/en-us/products/laptops-and-2-in-1s/technical-support/xps-17-9710-pcf-datasheet.pdf,pdf178.pdf
81,Dell,XPS 15 9510,431.0,381.004,4.0,http://www.delltechnologies.com/asset/en-us/products/laptops-and-2-in-1s/technical-support/xps-15-9510-pcf-datasheet.pdf,pdf179.pdf
82,Dell,Latitude 7480,249.0,205.674,4.0,https://i.dell.com/sites/csdocuments/CorpComm_Docs/en/carbon-footprint-latitude-7480.pdf,pdf18.pdf
83,Dell,Latitude 7310 2-in-1,326.0,290.792,4.0,http://www.delltechnologies.com/asset/en-us/products/laptops-and-2-in-1s/technical-support/latitude-7310-2-in-1.pdf,pdf37.pdf
84,Dell,XPS 15 9500,380.0,321.86,4.0,http://www.delltechnologies.com/asset/en-us/products/laptops-and-2-in-1s/technical-support/xps-15-9500-pcf-datasheet.pdf,pdf180.pdf
85,Dell,XPS 9320,380.0,348.84,4.0,http://www.delltechnologies.com/asset/en-us/products/laptops-and-2-in-1s/technical-support/dell-xps-9320-pcf-datasheet.pdf,pdf183.pdf
86,Dell,XPS 9315 2-in-1,411.0,377.298,4.0,http://www.delltechnologies.com/asset/en-us/products/laptops-and-2-in-1s/technical-support/dell-xps-9315-2-in-1-pcf-datasheet.pdf,pdf184.pdf
87,Dell,XPS 9315,404.0,378.548,4.0,http://www.delltechnologies.com/asset/en-us/products/laptops-and-2-in-1s/technical-support/dell-xps-9315-pcf-datasheet.pdf,pdf185.pdf
88,Dell,XPS 13 9380,317.0,279.911,4.0,http://www.delltechnologies.com/asset/en-us/products/desktops-and-all-in-ones/technical-support/xps-13-9380.pdf,pdf188.pdf
89,Dell,XPS 13 9365 2 -In-1,287.0,238.784,4.0,https://i.dell.com/sites/csdocuments/CorpComm_Docs/en/carbon-footprint-xps-9365.pdf,pdf190.pdf
90,Dell,XPS 13 9360,286.0,228.8,4.0,https://i.dell.com/sites/csdocuments/CorpComm_Docs/en/carbon-footprint-xps-9360.pdf,pdf191.pdf
91,Dell,XPS 13 9310 2-in-1,342.0,302.328,4.0,http://www.delltechnologies.com/asset/en-us/products/laptops-and-2-in-1s/technical-support/xps-13-9310-2-in-1.pdf,pdf192.pdf
92,Dell,XPS 13 9310,322.0,277.242,4.0,http://www.delltechnologies.com/asset/en-us/products/laptops-and-2-in-1s/technical-support/xps-13-9310.pdf,pdf193.pdf
93,Dell,XPS 13 9300,327.0,284.49,4.0,http://www.delltechnologies.com/asset/en-us/products/laptops-and-2-in-1s/technical-support/xps-13-9300.pdf,pdf194.pdf
94,Dell,XPS 13 7390,320.0,282.88,4.0,http://www.delltechnologies.com/asset/en-us/products/laptops-and-2-in-1s/technical-support/xps-7390-pcf-datasheet.pdf,pdf195.pdf
95,Dell,XPS 9720,524.0,461.12,4.0,http://www.delltechnologies.com/asset/en-us/products/laptops-and-2-in-1s/technical-support/dell-xps-9720-pcf-datasheet.pdf,pdf196.pdf
96,Dell,Inspiron 13 5320,326.0,294.052,4.0,http://www.delltechnologies.com/asset/en-us/products/laptops-and-2-in-1s/technical-support/dell-inspiron-13-5320-pcf-datasheet.pdf,pdf197.pdf
97,Dell,Inspiron 14 5420,344.0,315.448,4.0,http://www.delltechnologies.com/asset/en-us/products/laptops-and-2-in-1s/technical-support/dell-inspiron-14-5420-pcf-datasheet.pdf,pdf198.pdf
98,Dell,XPS 15 9520,431.0,390.917,4.0,http://www.delltechnologies.com/asset/en-us/products/laptops-and-2-in-1s/technical-support/dell-xps-15-9520-pcf-datasheet.pdf,pdf182.pdf
99,Dell,Chromebook 3400,335.0,306.525,4.0,http://www.delltechnologies.com/asset/en-us/products/laptops-and-2-in-1s/technical-support/chromebook_3400.pdf,pdf2.pdf
100,Dell,Latitude 7310,328.0,291.92,4.0,http://www.delltechnologies.com/asset/en-us/products/laptops-and-2-in-1s/technical-support/latitude-7310.pdf,pdf38.pdf
101,Dell,Precision 3561,379.0,327.456,4.0,http://www.delltechnologies.com/asset/en-us/products/workstations/technical-support/precision-3561-pcf-datasheet.pdf,pdf165.pdf
102,Dell,Latitude 5410,326.0,272.536,4.0,http://www.delltechnologies.com/asset/en-us/products/laptops-and-2-in-1s/technical-support/latitude-5410-pcf-datasheet.pdf,pdf74.pdf
103,Dell,Latitude 5401,344.0,293.432,4.0,http://www.delltechnologies.com/asset/en-us/products/laptops-and-2-in-1s/technical-support/latitude-5401.pdf,pdf75.pdf
104,Dell,Latitude 5400 Chromebook,325.0,289.575,4.0,http://www.delltechnologies.com/asset/en-us/products/laptops-and-2-in-1s/technical-support/latitude-5400-chromebook-enterprise-pcf-datasheet.pdf,pdf76.pdf
105,Dell,Latitude 5400,315.0,269.01,4.0,http://www.delltechnologies.com/asset/en-us/products/laptops-and-2-in-1s/technical-support/latitude-5400.pdf,pdf77.pdf
106,Dell,Latitude 5430 Rugged,370.0,339.29,4.0,http://www.delltechnologies.com/asset/en-us/products/laptops-and-2-in-1s/technical-support/dell-latitude-5430-rugged-pcf-datasheet.pdf,pdf78.pdf
107,Dell,Latitude 5320 2-in-1,308.0,270.424,4.0,http://www.delltechnologies.com/asset/en-us/products/laptops-and-2-in-1s/technical-support/latitude-5320-2-in-1-pcf-datasheet.pdf,pdf79.pdf
108,Dell,Latitude 9520,367.0,326.263,4.0,http://www.delltechnologies.com/asset/en-us/products/laptops-and-2-in-1s/technical-support/latitude-9520-pcf-datasheet.pdf,pdf8.pdf
109,Dell,Latitude 5320,348.0,310.764,4.0,http://www.delltechnologies.com/asset/en-us/products/laptops-and-2-in-1s/technical-support/latitude-5320.pdf,pdf80.pdf
110,Dell,Latitude 5310 2-in-1,299.0,258.336,4.0,http://www.delltechnologies.com/asset/en-us/products/laptops-and-2-in-1s/technical-support/latitude-5310-2-in-1-pcf-datasheet.pdf,pdf81.pdf
111,Dell,Latitude 5310,300.0,256.2,4.0,http://www.delltechnologies.com/asset/en-us/products/laptops-and-2-in-1s/technical-support/latitude-5310-pcf-datasheet.pdf,pdf82.pdf
112,Dell,Latitude 5300 2-in-1,316.0,277.132,4.0,http://www.delltechnologies.com/asset/en-us/products/laptops-and-2-in-1s/technical-support/latitude-5300-2-in-1.pdf,pdf83.pdf
113,Dell,Latitude 5300 2-in-1 Chromebook,299.0,263.419,4.0,http://www.delltechnologies.com/asset/en-us/products/laptops-and-2-in-1s/technical-support/latitude-5300-2-in-1-chromebook-pcf-datasheet.pdf,pdf84.pdf
114,Dell,Latitude 5300,296.0,256.928,4.0,http://www.delltechnologies.com/asset/en-us/products/laptops-and-2-in-1s/technical-support/latitude-5300.pdf,pdf85.pdf
115,Dell,Latitude 5411,333.0,280.053,4.0,http://www.delltechnologies.com/asset/en-us/products/laptops-and-2-in-1s/technical-support/latitude-5411-pcf-datasheet.pdf,pdf73.pdf
116,Dell,Latitude 5330,341.0,297.352,4.0,http://www.delltechnologies.com/asset/en-us/products/laptops-and-2-in-1s/technical-support/dell-latitude-5330-pcf-datasheet.pdf,pdf86.pdf
117,Dell,Latitude 5290 2-in-1,268.0,229.676,4.0,https://i.dell.com/sites/csdocuments/CorpComm_Docs/en/carbon-footprint-latitude-5290-2.pdf,pdf88.pdf
118,Dell,Latitude 5290,218.0,174.4,4.0,https://i.dell.com/sites/csdocuments/CorpComm_Docs/en/carbon-footprint-latitude-5290.pdf,pdf89.pdf
119,Dell,Latitude 9510 2-in-1,482.0,454.526,4.0,http://www.delltechnologies.com/asset/en-us/products/laptops-and-2-in-1s/technical-support/latitude-9510-2-in-1.pdf,pdf9.pdf
120,Dell,Latitude 5289 2-in-1,259.0,215.747,4.0,https://i.dell.com/sites/csdocuments/CorpComm_Docs/en/carbon-footprint-latitude-5289.pdf,pdf90.pdf
121,Dell,Latitude 5285 2-in-1,258.0,206.4,4.0,https://i.dell.com/sites/csdocuments/CorpComm_Docs/en/carbon-footprint-latitude-5285.pdf?newtab=true,pdf91.pdf
122,Dell,Latitude 5280,225.0,187.2,4.0,https://i.dell.com/sites/csdocuments/CorpComm_Docs/en/carbon-footprint-latitude-5280.pdf,pdf92.pdf
123,Dell,Latitude 5250,235.0,194.58,4.0,https://i.dell.com/sites/csdocuments/CorpComm_Docs/en/carbon-footprint-latitude-5250.pdf?newtab=true,pdf93.pdf
124,Dell,Latitude E5570,240.0,198.24,4.0,https://i.dell.com/sites/csdocuments/CorpComm_Docs/en/carbon-footprint-latitude-E5570.pdf,pdf94.pdf
125,Dell,Latitude E5470,280.0,215.6,4.0,https://i.dell.com/sites/csdocuments/CorpComm_Docs/en/carbon-footprint-latitude-E5470.pdf,pdf95.pdf
126,Dell,Latitude E5270,240.0,196.56,4.0,https://i.dell.com/sites/csdocuments/CorpComm_Docs/en/carbon-footprint-latitude-e5270.pdf?newtab=true,pdf96.pdf
127,Dell,Latitude 3590,254.0,208.788,4.0,https://i.dell.com/sites/csdocuments/CorpComm_Docs/en/carbon-footprint-latitude-3590.pdf,pdf97.pdf
128,Dell,Latitude 3580,311.0,233.872,4.0,https://i.dell.com/sites/csdocuments/CorpComm_Docs/en/carbon-footprint-latitude-3580.pdf,pdf98.pdf
129,Dell,Latitude 3570,302.0,257.908,4.0,https://i.dell.com/sites/csdocuments/CorpComm_Docs/en/carbon-footprint-latitude-3570.pdf,pdf99.pdf
130,Dell,Latitude 5330 2-in-1,343.0,299.096,4.0,http://www.delltechnologies.com/asset/en-us/products/laptops-and-2-in-1s/technical-support/dell-latitude-5330-2-in-1-pcf-datasheet.pdf,pdf87.pdf
131,Dell,Latitude 5420,364.0,319.592,4.0,http://www.delltechnologies.com/asset/en-us/products/laptops-and-2-in-1s/technical-support/latitude-5420-pcf-datasheet.pdf,pdf72.pdf
132,Dell,Latitude Rugged 5420,352.0,304.48,4.0,http://www.delltechnologies.com/asset/en-us/products/laptops-and-2-in-1s/technical-support/latitude-rugged-5420-pcf-datasheet.pdf,pdf71.pdf
133,Dell,Latitude Rugged 5424,361.0,311.182,4.0,http://www.delltechnologies.com/asset/en-us/products/laptops-and-2-in-1s/technical-support/latitude-rugged-5424-pcf-datasheet.pdf,pdf70.pdf
134,Dell,Latitude 7285,282.0,245.904,4.0,https://i.dell.com/sites/csdocuments/CorpComm_Docs/en/carbon-footprint-latitude-7285.pdf,pdf40.pdf
135,Dell,Latitude 7220 Rugged Extreme,95.0,76.19,4.0,http://www.delltechnologies.com/asset/en-us/products/laptops-and-2-in-1s/technical-support/latitude-7220-rugged-extreme-pcf-datasheet.pdf,pdf42.pdf
136,Dell,Latitude 7210 2-in-1,305.0,277.245,4.0,http://www.delltechnologies.com/asset/en-us/products/laptops-and-2-in-1s/technical-support/latitude-7210-2-in-1-pcf-datasheet.pdf,pdf43.pdf
137,Dell,Latitude 7200 2 -in-1,314.0,288.88,4.0,http://www.delltechnologies.com/asset/en-us/products/laptops-and-2-in-1s/technical-support/latitude-7200-2-in-1.pdf,pdf44.pdf
138,Dell,Latitude E7470,261.0,211.41,4.0,https://i.dell.com/sites/csdocuments/CorpComm_Docs/en/carbon-footprint-latitude-E7470.pdf,pdf45.pdf
139,Dell,Latitude E7450,238.0,201.586,4.0,https://i.dell.com/sites/csdocuments/CorpComm_Docs/en/carbon-footprint-latitude-E7450.pdf,pdf46.pdf
140,Dell,Latitude E7270,249.0,199.698,4.0,https://i.dell.com/sites/csdocuments/CorpComm_Docs/en/carbon-footprint-latitude-E7270.pdf,pdf47.pdf
141,Dell,Latitude E7250,223.0,192.449,4.0,https://i.dell.com/sites/csdocuments/CorpComm_Docs/en/carbon-footprint-latitude-E7250.pdf,pdf48.pdf
142,Dell,Latitude 7300 25th Anniversary Edition,146.8,95.42,4.0,http://www.delltechnologies.com/asset/en-us/products/laptops-and-2-in-1s/technical-support/latitude-7300-25th-anniversary-edition-pcf-datasheet.pdf,pdf49.pdf
143,Dell,Chromebook 5190 2-in-1,219.0,215.496,4.0,http://www.delltechnologies.com/asset/en-us/products/laptops-and-2-in-1s/technical-support/chromebook-5190-2-in-1-pcf-datasheet.pdf,pdf5.pdf
144,Dell,Latitude 7300,323.0,280.687,4.0,http://www.delltechnologies.com/asset/en-us/products/laptops-and-2-in-1s/technical-support/latitude-7300.pdf,pdf51.pdf
145,Dell,Latitude 5591,305.0,255.59,4.0,https://i.dell.com/sites/csdocuments/CorpComm_Docs/en/carbon-footprint-latitude-5591.pdf,pdf52.pdf
146,Dell,Latitude 5590,271.0,210.838,4.0,https://i.dell.com/sites/csdocuments/CorpComm_Docs/en/carbon-footprint-latitude-5590.pdf,pdf53.pdf
147,Dell,Latitude 5580,299.0,246.974,4.0,https://i.dell.com/sites/csdocuments/CorpComm_Docs/en/carbon-footprint-latitude-5580.pdf,pdf54.pdf
148,Dell,Latitude 5550,259.0,224.294,4.0,https://i.dell.com/sites/csdocuments/CorpComm_Docs/en/carbon-footprint-latitude-5550.pdf,pdf55.pdf
149,Dell,Latitude 5521,379.0,327.456,4.0,http://www.delltechnologies.com/asset/en-us/products/laptops-and-2-in-1s/technical-support/latitude-5521-pcf-datasheet.pdf,pdf56.pdf
150,Dell,Latitude 5520,324.0,275.076,4.0,http://www.delltechnologies.com/asset/en-us/products/laptops-and-2-in-1s/technical-support/latitude-5520-pcf-datasheet.pdf,pdf57.pdf
151,Dell,Latitude 5511,378.0,319.788,4.0,http://www.delltechnologies.com/asset/en-us/products/laptops-and-2-in-1s/technical-support/latitude-5511-pcf-datasheet.pdf,pdf58.pdf
152,Dell,Latitude 5510,348.0,292.32,4.0,http://www.delltechnologies.com/asset/en-us/products/laptops-and-2-in-1s/technical-support/latitude-5510-pcf-datasheet.pdf,pdf59.pdf
153,Dell,Chromebook 3100,266.0,243.39,4.0,http://www.delltechnologies.com/asset/en-us/products/laptops-and-2-in-1s/technical-support/chromebook_3100.pdf,pdf6.pdf
154,Dell,Latitude 5501,403.0,346.58,4.0,http://www.delltechnologies.com/asset/en-us/products/laptops-and-2-in-1s/technical-support/latitude-5501.pdf,pdf60.pdf
155,Dell,Latitude 5500,393.0,341.124,4.0,http://www.delltechnologies.com/asset/en-us/products/laptops-and-2-in-1s/technical-support/latitude-5500.pdf,pdf61.pdf
156,Dell,Latitude 5421,304.0,265.392,4.0,http://www.delltechnologies.com/asset/en-us/products/laptops-and-2-in-1s/technical-support/latitude-5421-pcf-datasheet.pdf,pdf62.pdf
157,Dell,Latitude 5495,255.0,202.725,4.0,https://i.dell.com/sites/csdocuments/CorpComm_Docs/en/carbon-footprint-latitude-5495.pdf,pdf63.pdf
158,Dell,Latitude 5491,254.0,216.154,4.0,https://i.dell.com/sites/csdocuments/CorpComm_Docs/en/carbon-footprint-latitude-5491.pdf?newtab=true,pdf64.pdf
159,Dell,Latitude 5490,251.0,206.824,4.0,https://i.dell.com/sites/csdocuments/CorpComm_Docs/en/carbon-footprint-latitude-5490.pdf?newtab=true,pdf65.pdf
160,Dell,Latitude 5480,250.0,206.25,4.0,https://i.dell.com/sites/csdocuments/CorpComm_Docs/en/carbon-footprint-latitude-5480.pdf,pdf66.pdf
161,Dell,Latitude 5450,247.0,207.233,4.0,https://i.dell.com/sites/csdocuments/CorpComm_Docs/en/carbon-footprint-latitude-5450.pdf,pdf67.pdf
162,Dell,Latitude 9520 2-in-1,361.0,325.983,4.0,http://www.delltechnologies.com/asset/en-us/products/laptops-and-2-in-1s/technical-support/latitude-9520-2-in-1-pcf-datasheet.pdf,pdf7.pdf
163,Dell,Latitude 7290,209.0,179.531,4.0,https://i.dell.com/sites/csdocuments/CorpComm_Docs/en/carbon-footprint-latitude-7290.pdf,pdf39.pdf
164,Dell,Chromebook 3100 2-in-1,291.0,265.683,4.0,http://www.delltechnologies.com/asset/en-us/products/laptops-and-2-in-1s/technical-support/chromebook_3100_2_in_1.pdf,pdf4.pdf
165,Dell,Precision 3570,364.0,314.132,4.0,http://www.delltechnologies.com/asset/en-us/products/workstations/technical-support/dell-precision-3570-pcf-datasheet.pdf,pdf164.pdf
166,Dell,Precision 5520,368.0,273.424,4.0,https://i.dell.com/sites/csdocuments/CorpComm_Docs/en/carbon-footprint-precision-5520.pdf,pdf162.pdf
167,Dell,Latitude 3430,298.0,266.71,4.0,https://www.delltechnologies.com/asset/en-us/products/laptops-and-2-in-1s/technical-support/dell-latitude-3430-pcf-datasheet.pdf,pdf110.pdf
168,Dell,Latitude 3420,315.0,266.805,4.0,http://www.delltechnologies.com/asset/en-us/products/laptops-and-2-in-1s/technical-support/latitude-3420-pcf-datasheet.pdf,pdf111.pdf
169,Dell,Latitude 3410,322.0,278.852,4.0,http://www.delltechnologies.com/asset/en-us/products/laptops-and-2-in-1s/technical-support/latitude-3410.pdf,pdf112.pdf
170,Dell,Latitude 3400,279.0,240.777,4.0,http://www.delltechnologies.com/asset/en-us/products/laptops-and-2-in-1s/technical-support/latitude-3400.pdf,pdf113.pdf
171,Dell,Latitude 3390 2-in-1,284.0,242.252,4.0,http://www.delltechnologies.com/asset/en-us/products/laptops-and-2-in-1s/technical-support/latitude-3390-2-in-1.pdf,pdf114.pdf
172,Dell,Latitude 3380,252.0,204.372,4.0,https://i.dell.com/sites/csdocuments/CorpComm_Docs/en/carbon-footprint-latitude-3380.pdf,pdf115.pdf
173,Dell,Latitude 3350,258.0,210.27,4.0,https://i.dell.com/sites/csdocuments/CorpComm_Docs/en/carbon-footprint-latitude-3350.pdf,pdf116.pdf
174,Dell,Latitude 3330,313.0,279.196,4.0,http://www.delltechnologies.com/asset/en-us/products/laptops-and-2-in-1s/technical-support/dell-latitude-3330-pcf-datasheet.pdf,pdf117.pdf
175,Dell,Latitude 3330 2-in-1,311.0,277.412,4.0,http://www.delltechnologies.com/asset/en-us/products/laptops-and-2-in-1s/technical-support/dell-latitude-3330-2-in-1-pcf-datasheet.pdf,pdf118.pdf
176,Dell,Latitude 3320,281.0,248.404,4.0,http://www.delltechnologies.com/asset/en-us/products/laptops-and-2-in-1s/technical-support/latitude-3320-pcf-datasheet.pdf,pdf119.pdf
177,Dell,Latitude 9420,344.0,320.608,4.0,http://www.delltechnologies.com/asset/en-us/products/laptops-and-2-in-1s/technical-support/latitude-9420-pcf-datasheet.pdf,pdf12.pdf
178,Dell,Latitude 3310 2-in-1,334.0,299.264,4.0,http://www.delltechnologies.com/asset/en-us/products/laptops-and-2-in-1s/technical-support/latitude-3310-2-in-1-pcf-datasheet.pdf,pdf120.pdf
179,Dell,Latitude 3310,283.0,254.7,4.0,http://www.delltechnologies.com/asset/en-us/products/laptops-and-2-in-1s/technical-support/latitude-3310-pcf-datasheet.pdf,pdf121.pdf
180,Dell,Latitude 3301,317.0,283.715,4.0,http://www.delltechnologies.com/asset/en-us/products/laptops-and-2-in-1s/technical-support/latitude-3301-pcf-datasheet.pdf,pdf122.pdf
181,Dell,Latitude 3300,293.0,257.547,4.0,http://www.delltechnologies.com/asset/en-us/products/laptops-and-2-in-1s/technical-support/latitude-3300.pdf,pdf123.pdf
182,Dell,Latitude 9420 2 -in-1,350.0,324.8,4.0,http://www.delltechnologies.com/asset/en-us/products/laptops-and-2-in-1s/technical-support/latitude-9420-2-in-1-pcf-datasheet.pdf,pdf11.pdf
183,Dell,Latitude 3460,279.0,236.871,4.0,https://i.dell.com/sites/csdocuments/CorpComm_Docs/en/carbon-footprint-latitude-3460.pdf,pdf109.pdf
184,Dell,Latitude 3470,286.0,243.958,4.0,https://i.dell.com/sites/csdocuments/CorpComm_Docs/en/carbon-footprint-latitude-3470.pdf,pdf108.pdf
185,Dell,Latitude 3480,324.0,245.916,4.0,https://i.dell.com/sites/csdocuments/CorpComm_Docs/en/carbon-footprint-latitude-3480.pdf,pdf107.pdf
186,Dell,XPS 13 9370,297.0,260.17,4.0,[Dell CFA](https://i.dell.com/sites/csdocuments/CorpComm_Docs/en/carbon-footprint-xps-9370.pdf),
187,Dell,XPS 15 9560,337.0,265.22,4.0,[Dell CFA](https://i.dell.com/sites/csdocuments/CorpComm_Docs/en/carbon-footprint-xps-9560.pdf?newtab=true),
188,Dell,XPS 15 9570,324.0,266.0,4.0,[Dell CFA](https://i.dell.com/sites/csdocuments/CorpComm_Docs/en/carbon-footprint-xps-15-9570.pdf),
189,Dell,Latitude 7280,222.0,187.81,4.0,[Dell CFA](https://i.dell.com/sites/csdocuments/CorpComm_Docs/en/carbon-footprint-latitude-7280.pdf?newtab=true),
190,Dell,Latitude 7390,222.0,187.81,4.0,[Dell CFA](https://i.dell.com/sites/csdocuments/CorpComm_Docs/en/carbon-footprint-latitude-7390.pdf?newtab=true),
191,Dell,Latitude 7490,241.0,210.63,4.0,[Dell CFA](https://i.dell.com/sites/csdocuments/CorpComm_Docs/en/carbon-footprint-latitude-7390.pdf?newtab=true),
192,Dell,Precision 5530,340.0,285.59,4.0,[Dell CFA](https://i.dell.com/sites/csdocuments/CorpComm_Docs/en/carbon-footprint-precision-5530.pdf?newtab=true),
193,Dell,Latitude 3190 2-In-1,230.0,200.33,4.0,https://i.dell.com/sites/csdocuments/CorpComm_Docs/en/carbon-footprint-latitude-3190-2.pdf,pdf124.pdf
194,Dell,Precision 7720,416.0,319.9,4.0,[Dell CFA](https://i.dell.com/sites/csdocuments/CorpComm_Docs/en/carbon-footprint-precision-7720.pdf?newtab=true),
195,Dell,Latitude 3560,298.0,254.79,4.0,https://i.dell.com/sites/csdocuments/CorpComm_Docs/en/carbon-footprint-latitude-3560.pdf?newtab=true,pdf100.pdf
196,Dell,Latitude 3550,263.0,231.966,4.0,https://i.dell.com/sites/csdocuments/CorpComm_Docs/en/carbon-footprint-latitude-3550.pdf,pdf101.pdf
197,Dell,Latitude 3520,318.0,270.3,4.0,http://www.delltechnologies.com/asset/en-us/products/laptops-and-2-in-1s/technical-support/latitude-3520-pcf-datasheet.pdf,pdf102.pdf
198,Dell,Latitude 3510,340.0,289.68,4.0,http://www.delltechnologies.com/asset/en-us/products/laptops-and-2-in-1s/technical-support/latitude-3510.pdf,pdf103.pdf
199,Dell,Latitude 3500,278.0,237.968,4.0,http://www.delltechnologies.com/asset/en-us/products/laptops-and-2-in-1s/technical-support/latitude-3500.pdf,pdf104.pdf
200,Dell,Latitude 3530,317.0,276.107,4.0,https://www.delltechnologies.com/asset/en-us/products/laptops-and-2-in-1s/technical-support/dell-latitude-3530-pcf-datasheet.pdf,pdf105.pdf
201,Dell,Latitude 3490,243.0,198.045,4.0,https://i.dell.com/sites/csdocuments/CorpComm_Docs/en/carbon-footprint-latitude-3490.pdf,pdf106.pdf
202,Dell,Precision 3571,374.0,322.388,4.0,http://www.delltechnologies.com/asset/en-us/products/workstations/technical-support/dell-precision-3571-pcf-datasheet.pdf,pdf163.pdf
203,Dell,Latitude 3190,226.0,200.01,4.0,https://i.dell.com/sites/csdocuments/CorpComm_Docs/en/carbon-footprint-latitude-3190.pdf,pdf125.pdf
204,Dell,Latitude 9510,482.0,454.526,4.0,http://www.delltechnologies.com/asset/en-us/products/laptops-and-2-in-1s/technical-support/latitude-9510.pdf,pdf10.pdf
205,Dell,Latitude 3180,243.0,217.728,4.0,https://i.dell.com/sites/csdocuments/CorpComm_Docs/en/carbon-footprint-latitude-3180.pdf,pdf127.pdf
206,Dell,Precision 7740,463.0,394.013,4.0,http://www.delltechnologies.com/asset/en-us/products/workstations/technical-support/precision-7740.pdf,pdf146.pdf
207,Dell,Precision 7540,367.0,314.886,4.0,http://www.delltechnologies.com/asset/en-us/products/workstations/technical-support/precision-7540.pdf,pdf149.pdf
208,Dell,Latitude 9330,372.0,345.216,4.0,http://www.delltechnologies.com/asset/en-us/products/laptops-and-2-in-1s/technical-support/dell-latitude-9330-pcf-datasheet.pdf,pdf15.pdf
209,Dell,Precision 7530,399.0,343.14,4.0,http://www.delltechnologies.com/asset/en-us/products/workstations/technical-support/precision-7530.pdf,pdf150.pdf
210,Dell,Precision 7550,455.0,388.57,4.0,http://www.delltechnologies.com/asset/en-us/products/workstations/technical-support/precision-7550.pdf,pdf151.pdf
211,Dell,Precision 7560,458.0,407.162,4.0,http://www.delltechnologies.com/asset/en-us/products/workstations/technical-support/precision-7560-pcf-datasheet.pdf,pdf152.pdf
212,Dell,Latitude 3189,257.0,225.903,4.0,https://i.dell.com/sites/csdocuments/CorpComm_Docs/en/carbon-footprint-latitude-3189.pdf,pdf126.pdf
213,Dell,Precision 7520,399.0,287.28,4.0,https://i.dell.com/sites/csdocuments/CorpComm_Docs/en/carbon-footprint-precision-7520.pdf,pdf153.pdf
214,Dell,Precision 5760,509.0,463.19,4.0,http://www.delltechnologies.com/asset/en-us/products/workstations/technical-support/precision-5760-pcf-datasheet.pdf,pdf155.pdf
215,Dell,Precision 5560,432.0,379.728,4.0,http://www.delltechnologies.com/asset/en-us/products/workstations/technical-support/precision-5560-pcf-datasheet.pdf,pdf156.pdf
216,Dell,Precision 5550,414.0,355.212,4.0,http://www.delltechnologies.com/asset/en-us/products/workstations/technical-support/precision-5550.pdf,pdf157.pdf
217,Dell,Precision 5570,443.0,389.397,4.0,http://www.delltechnologies.com/asset/en-us/products/laptops-and-2-in-1s/technical-support/dell-precision-5570-pcf-datasheet.pdf,pdf158.pdf
218,Dell,Precision 5470,395.0,364.19,4.0,http://www.delltechnologies.com/asset/en-us/products/laptops-and-2-in-1s/technical-support/dell-precision-5470-pcf-datasheet.pdf,pdf159.pdf
219,Dell,Latitude 7330 Rugged Extreme,348.0,311.46,4.0,http://www.delltechnologies.com/asset/en-us/products/laptops-and-2-in-1s/technical-support/dell-latitude-7330-rugged-extreme-pcf-datasheet.pdf,pdf16.pdf
220,Dell,Precision 5540,512.0,449.536,4.0,http://www.delltechnologies.com/asset/en-us/products/workstations/technical-support/precision-5540.pdf,pdf160.pdf
221,Dell,Precision 7750,495.0,432.63,4.0,http://www.delltechnologies.com/asset/en-us/products/workstations/technical-support/precision-7750.pdf,pdf145.pdf
222,Dell,Precision 7760,533.0,485.563,4.0,http://www.delltechnologies.com/asset/en-us/products/workstations/technical-support/precision-7760-pcf-datasheet.pdf,pdf144.pdf
223,Dell,Precision 7730,476.0,386.036,4.0,http://www.delltechnologies.com/asset/en-us/products/workstations/technical-support/precision-7730.pdf,pdf147.pdf
224,Dell,Latitude 5530,364.0,313.404,4.0,http://www.delltechnologies.com/asset/en-us/products/laptops-and-2-in-1s/technical-support/latitude-5530-pcf-datasheet.pdf,pdf142.pdf
225,Dell,Latitude 5531,373.0,320.407,4.0,http://www.delltechnologies.com/asset/en-us/products/laptops-and-2-in-1s/technical-support/latitude-5531-pcf-datasheet.pdf,pdf143.pdf
226,Dell,Latitude 7330 2 -in-1,296.0,265.216,4.0,http://www.delltechnologies.com/asset/en-us/products/laptops-and-2-in-1s/technical-support/dell-latitude-7330-2-in-1-pcf-datasheet.pdf,pdf134.pdf
227,Dell,Latitude 7330,277.0,242.098,4.0,http://www.delltechnologies.com/asset/en-us/products/laptops-and-2-in-1s/technical-support/dell-latitude-7330-pcf-datasheet.pdf,pdf133.pdf
228,Dell,Latitude 7430,286.0,251.966,4.0,http://www.delltechnologies.com/asset/en-us/products/laptops-and-2-in-1s/technical-support/dell-latitude-7430-pcf-datasheet.pdf,pdf135.pdf
229,Dell,Latitude 3120,231.0,200.277,4.0,http://www.delltechnologies.com/asset/en-us/products/laptops-and-2-in-1s/technical-support/latitude-3120-pcf-datasheet.pdf,pdf131.pdf
230,Dell,Latitude 3120 2-in-1,245.0,207.76,4.0,http://www.delltechnologies.com/asset/en-us/products/laptops-and-2-in-1s/technical-support/latitude-3120-2-in-1-pcf-datasheet.pdf,pdf130.pdf
231,Dell,Latitude 9410 2-IN-1,357.0,328.083,4.0,http://www.delltechnologies.com/asset/en-us/products/laptops-and-2-in-1s/technical-support/latitude-9410-2-in-1-pcf-datasheet.pdf,pdf13.pdf
232,Dell,Latitude 3150,216.0,177.984,4.0,https://i.dell.com/sites/csdocuments/CorpComm_Docs/en/carbon-footprint-latitude-3150.pdf,pdf129.pdf
233,Dell,Latitude 7530,314.0,268.784,4.0,http://www.delltechnologies.com/asset/en-us/products/laptops-and-2-in-1s/technical-support/dell-latitude-7530-pcf-datasheet.pdf,pdf132.pdf
234,Dell,Latitude 9430,375.0,355.125,4.0,http://www.delltechnologies.com/asset/en-us/products/laptops-and-2-in-1s/technical-support/dell-latitude-9430-pcf-datasheet.pdf,pdf137.pdf
235,Dell,Latitude 9430 2-in-1,380.0,356.44,4.0,http://www.delltechnologies.com/asset/en-us/products/laptops-and-2-in-1s/technical-support/dell-latitude-9430-2-in-1-pcf-datasheet.pdf,pdf138.pdf
236,Dell,Latitude 7520,364.0,316.68,4.0,https://www.delltechnologies.com/asset/en-us/products/laptops-and-2-in-1s/technical-support/latitude-7520.pdf,pdf139.pdf
237,Dell,Latitude 9410,356.0,326.452,4.0,http://www.delltechnologies.com/asset/en-us/products/laptops-and-2-in-1s/technical-support/latitude-9410-pcf-datasheet.pdf,pdf14.pdf
238,Dell,Latitude 3160,244.0,176.656,4.0,https://i.dell.com/sites/csdocuments/CorpComm_Docs/en/carbon-footprint-latitude-3160.pdf,pdf128.pdf
239,Dell,Latitude 5430,301.0,252.84,4.0,http://www.delltechnologies.com/asset/en-us/products/laptops-and-2-in-1s/technical-support/dell-latitude-5430-pcf-datasheet.pdf,pdf140.pdf
240,Dell,Latitude 5431,298.0,263.432,4.0,http://www.delltechnologies.com/asset/en-us/products/laptops-and-2-in-1s/technical-support/dell-latitude-5431-pcf-datasheet.pdf,pdf141.pdf
241,Dell,Latitude 7430 2-in-1,359.0,324.895,4.0,http://www.delltechnologies.com/asset/en-us/products/laptops-and-2-in-1s/technical-support/dell-latitude-7430-2-in-1-pcf-datasheet.pdf,pdf136.pdf
242,Lenovo,Thinkpad P72,610.0,469.7,5.0,[Lenovo PCF](https://www.lenovo.com/us/en/social_responsibility/PCF_ThinkPad_P72.pdf),
243,Lenovo,Thinkpad P73,611.0,403.25,5.0,[Lenovo PCF](https://www.lenovo.com/us/en/pdf/social_responsibility/PCF_ThinkPad_P73.pdf),
244,Lenovo,Thinkpad T14 AMD,361.0,,,[Lenovo PCF](https://static.lenovo.com/ww/docs/regulatory/eco-declaration/pcf-thinkpad-t14-amd.pdf),
245,Lenovo,Thinkpad X1 Carbon 7th Gen,461.0,401.07,5.0,[Lenovo PCF](https://www.lenovo.com/us/en/pdf/social_responsibility/PCF_ThinkPad_X1_Carbon_X1_Carbon_LTE_7th.pdf),
246,Lenovo,Thinkpad X1 Carbon 5th Gen,369.0,306.27,5.0,[Lenovo PCF](https://www.lenovo.com/medias/PCF-ThinkPad-X1-Carbon-5th.pdf),
247,Lenovo,Thinkpad X1 Carbon 6th Gen,333.0,279.71,5.0,[Lenovo PCF](https://www.lenovo.com/us/en/social_responsibility/PCF-ThinkPad-X1-Carbon-6th.pdf),
248,Lenovo,Thinkpad X1 Extreme,477.0,400.68,3.0,[Lenovo PCF](https://www.lenovo.com/us/en/social_responsibility/PCF_ThinkPad_P1_X1_Extreme.pdf),
249,Lenovo,Thinkpad X1 Carbon 4th Gen,457.0,370.17,5.0,[Lenovo PCF](https://www.lenovo.com/medias/PCF-ThinkPad-X1-Carbon-4th.pdf),
250,Lenovo,Thinkpad P52,693.0,540.54,5.0,[Lenovo PCF](https://www.lenovo.com/medias/PCF-ThinkPad-P52.pdf),
251,Lenovo,Thinkpad A285,352.0,225.28,5.0,[Lenovo PCF](https://www.lenovo.com/medias/PCF-ThinkPad-A285.pdf),
252,Lenovo,Thinkpad L490,499.0,394.21,5.0,[Lenovo PCF](https://www.lenovo.com/us/en/pdf/social_responsibility/PCF_ThinkPad_L490.pdf),
253,Lenovo,Thinkpad L480,455.0,318.5,5.0,[Lenovo PCF](https://www.lenovo.com/us/en/social_responsibility/PCF-ThinkPad-L480.pdf),
254,Lenovo,Thinkpad L380,406.0,328.86,5.0,[Lenovo PCF](https://www.lenovo.com/us/en/social_responsibility/PCF-ThinkPad-L380-S2-Yoga-3rd.pdf),
255,Lenovo,Thinkpad L14,593.0,,4.0,[Lenovo PCF](https://static.lenovo.com/ww/docs/regulatory/eco-declaration/pcf-thinkpad-l14.pdf),
256,Lenovo,Thinkpad E14 2nd Gen,349.0,286.18,5.0,[Lenovo PCF](https://static.lenovo.com/ww/docs/regulatory/eco-declaration/pcf-thinkpad-e14-2nd.pdf),
257,Lenovo,Thinkpad A485,419.0,272.35,5.0,[Lenovo PCF](https://www.lenovo.com/medias/PCF-ThinkPad-A485.pdf),
258,Lenovo,Thinkpad X1 Extreme (P1) Gen 2,497.0,422.45,3.0,[Lenovo PCF](https://static.lenovo.com/ww/docs/regulatory/eco-declaration/2019/PCF_ThinkPad_P1_X1_Extreme_2nd.pdf),
259,Lenovo,Thinkpad A275,511.0,352.59,5.0,[Lenovo PCF](https://www.lenovo.com/medias/PCF-ThinkPad-A275.pdf),
260,Lenovo,Thinkpad 11e 5th Gen,326.0,260.8,4.0,[Lenovo PCF](https://www.lenovo.com/us/en/social_responsibility/PCF-ThinkPad-11e-Yoga-11e-5th.pdf),
261,Lenovo,Thinkpad 25,390.0,280.8,5.0,[Lenovo PCF](https://www.lenovo.com/medias/PCF-ThinkPad-25.pdf),
262,Lenovo,Thinkpad P1,477.0,400.68,3.0,[Lenovo PCF](https://www.lenovo.com/us/en/social_responsibility/PCF_ThinkPad_P1_X1_Extreme.pdf),
263,Lenovo,Thinkpad X13,313.0,262.92,5.0,[Lenovo PCF](https://static.lenovo.com/ww/docs/regulatory/eco-declaration/pcf-thinkpad-x13.pdf),
264,Lenovo,Thinkpad X270,851.68,766.51,5.0,[Lenovo PCF](https://www.lenovo.com/medias/PCF-ThinkPad-X270.pdf),
265,Lenovo,Thinkpad X260,489.0,400.98,4.0,[Lenovo PCF](https://www.lenovo.com/medias/PCF-ThinkPad-X260.pdf),
266,Lenovo,Thinkpad X280,334.0,257.18,5.0,[Lenovo PCF](https://www.lenovo.com/us/en/social_responsibility/PCF-ThinkPad-X280.pdf),
267,Lenovo,Thinkpad X380 Yoga,339.0,267.81,6.0,[Lenovo PCF](https://www.lenovo.com/us/en/social_responsibility/PCF-ThinkPad-S1-Yoga-4th-X380-Yoga.pdf),
268,Lenovo,Thinkpad X390,264.0,221.76,5.0,[Lenovo PCF](https://static.lenovo.com/ww/docs/regulatory/PCF_ThinkPad_X390.pdf),
269,Lenovo,Thinkpad X395,286.0,240.24,5.0,[Lenovo PCF](https://www.lenovo.com/us/en/pdf/social_responsibility/PCF_ThinkPad_X395.pdf),
270,Lenovo,Thinkpad X250,338.0,256.88,4.0,[Lenovo PCF](https://www.lenovo.com/medias/PCF-ThinkPad-X250.pdf),
271,Microsoft,"Surface Laptop 3 (Alcantara, 13.5 inch)",127.0,100.0,3.0,[Eco Profiles](https://www.microsoft.com/en-us/download/details.aspx?id=55974),
272,Microsoft,"Surface Laptop 3 (Metal, 13.5 inch)",138.0,112.0,3.0,[Eco Profiles](https://www.microsoft.com/en-us/download/details.aspx?id=55974),
273,Microsoft,"Surface Laptop 3 (Alcantara, 15 inch)",178.0,140.0,3.0,[Eco Profiles](https://www.microsoft.com/en-us/download/details.aspx?id=55974),
274,Microsoft,"Surface Laptop 3 (Metal, 15 inch)",181.0,143.0,3.0,[Eco Profiles](https://www.microsoft.com/en-us/download/details.aspx?id=55974),
275,Microsoft,"Surface Laptop 4 (Alcantara, 13.5 inch)",145.0,123.0,3.0,[Eco Profiles](https://www.microsoft.com/en-us/download/details.aspx?id=55974),
276,Microsoft,Surface Studio 2+,601.0,378.63,3.0,https://download.microsoft.com/download/4/8/D/48D50344-33CD-4D9A-BA11-0C7DCA1A3948/Ecoprofile_SurfaceStudio2.pdf,
277,Microsoft,"Surface Laptop 4 (Metal, 15 inch)",199.0,177.0,3.0,[Eco Profiles](https://www.microsoft.com/en-us/download/details.aspx?id=55974),
278,Microsoft,Surface Pro 9 SQ3 5G,196.0,171.0,4.5,https://download.microsoft.com/download/4/8/D/48D50344-33CD-4D9A-BA11-0C7DCA1A3948/2022_EcoProfile_SurfacePro9-SQ3-5G.pdf,
279,Microsoft,Surface Pro 9 Intel/Wifi,207.0,165.0,4.5,https://download.microsoft.com/download/4/8/D/48D50344-33CD-4D9A-BA11-0C7DCA1A3948/2022_Ecoprofile_SurfacePro9-Intel-Wifi.pdf,
280,Microsoft,Surface Laptop 5 13.5,255.0,224.0,4.5,https://download.microsoft.com/download/4/8/D/48D50344-33CD-4D9A-BA11-0C7DCA1A3948/2022_EcoProfile_SurfaceLaptop5-13in.pdf,
281,Microsoft,Surface Laptop 5 15,288.0,255.0,4.5,https://download.microsoft.com/download/4/8/D/48D50344-33CD-4D9A-BA11-0C7DCA1A3948/2022_EcoProfile_SurfaceLaptop5-15in.pdf,
282,Microsoft,"Surface Laptop 4 (Metal, 13.5 inch)",165.0,143.0,3.0,[Eco Profiles](https://www.microsoft.com/en-us/download/details.aspx?id=55974),
283,Microsoft,Surface Laptop 2,152.0,119.16,3.0,[Eco Profiles](https://www.microsoft.com/en-us/download/details.aspx?id=55974),
284,Microsoft,Surface Book 3 (13.5 inch),303.0,256.0,3.0,[Eco Profiles](https://www.microsoft.com/en-us/download/details.aspx?id=55974),
285,Microsoft,Surface Book 3 (15 inch),421.0,368.0,3.0,[Eco Profiles](https://www.microsoft.com/en-us/download/details.aspx?id=55974),
286,Microsoft,Surface Book 2 (15 inch),232.0,179.57,3.0,[Eco Profiles](https://www.microsoft.com/en-us/download/details.aspx?id=55974),
287,Microsoft,Surface Book 2 (13.5 inch),183.0,134.13,3.0,[Eco Profiles](https://www.microsoft.com/en-us/download/details.aspx?id=55974),
288,Microsoft,Surface Book,225.0,173.25,3.0,[Eco Profiles](https://www.microsoft.com/en-us/download/details.aspx?id=55974),
289,Microsoft,Surface Pro 8,141.0,118.0,3.0,[Eco Profiles](https://www.microsoft.com/en-us/download/details.aspx?id=55974),
290,Microsoft,Surface Pro 7+,181.0,153.0,3.0,[Eco Profiles](https://www.microsoft.com/en-us/download/details.aspx?id=55974),
291,Microsoft,Surface Pro 7,164.0,133.0,3.0,[Eco Profiles](https://www.microsoft.com/en-us/download/details.aspx?id=55974),
292,Microsoft,Surface Pro 6,121.0,87.8,3.0,[Eco Profiles](https://www.microsoft.com/en-us/download/details.aspx?id=55974),
293,Microsoft,Surface Pro 5,121.0,87.241,3.0,[Eco Profiles](https://www.microsoft.com/en-us/download/details.aspx?id=55974),
294,Microsoft,Surface Pro X,130.0,86.0,3.0,[Eco Profiles](https://www.microsoft.com/en-us/download/details.aspx?id=55974),
295,Microsoft,Surface Go 3,106.0,86.0,3.0,[Eco Profiles](https://www.microsoft.com/en-us/download/details.aspx?id=55974),
296,Microsoft,Surface Go 2,107.0,80.0,3.0,[Eco Profiles](https://www.microsoft.com/en-us/download/details.aspx?id=55974),
297,Microsoft,Surface Go,93.8,66.97,3.0,[Eco Profiles](https://www.microsoft.com/en-us/download/details.aspx?id=55974),
298,Microsoft,Surface Laptop,152.0,119.16,3.0,[Eco Profiles](https://www.microsoft.com/en-us/download/details.aspx?id=55974),
299,Microsoft,Surface Pro 4,149.0,108.77,3.0,[Eco Profiles](https://www.microsoft.com/en-us/download/details.aspx?id=55974),
